finite_grad,finite_loglik,grad_norm_mean,grad_norm_std,integrator,label,loglik_max,loglik_mean,loglik_min,loglik_std,n_lambda,n_seeds,warm_forward_grad_s,warm_forward_s
10,10,173119.68882066436,334246.4057458894,euler,euler_n20,-61.007205963134766,-62.015847778320314,-62.910377502441406,0.6793834939421927,20,10,0.22816566700000607,0.01789862499999373
10,10,102464784.70163824,322429945.19882745,euler,euler_n40,-59.74534606933594,-61.15869026184082,-62.457557678222656,0.8467785803438954,40,10,0.4777532919999885,0.021200332999995908
10,10,6208.720869925144,8914.440861202562,exp,exp_n5,-58.417457580566406,-59.626257705688474,-61.4467658996582,0.9062388338071752,5,10,0.1212402499999996,0.01854350000002114
10,10,254817.27610803186,520499.6802288265,exp,exp_n10,-59.46555709838867,-60.72463760375977,-61.86125946044922,0.7936747950688725,10,10,0.14649420800000712,0.018759457999976803
10,10,5948726.855799725,15046907.561736317,exp,exp_n20,-60.007171630859375,-60.86014366149902,-61.91914749145508,0.6401352939181731,20,10,0.22503754199999548,0.01740216700000019
