{
  "ekf": {
    "rmse_mean": 13.840246200561523,
    "rmse_std": 16.27696418762207,
    "exec_time_mean": 0.10518723726272583,
    "exec_time_std": 0.0019993637688457966,
    "pos_rmse_mean_time_series": [
      9.999999974752427e-07,
      1.0510934591293335,
      1.3708691596984863,
      1.6051169633865356,
      2.1110036373138428,
      3.5875890254974365,
      6.044865608215332,
      7.259616851806641,
      8.99223518371582,
      10.124428749084473,
      12.365763664245605,
      13.552186965942383,
      17.08213996887207,
      18.772972106933594,
      20.56447982788086,
      22.067522048950195,
      23.905359268188477,
      28.680070877075195,
      30.921796798706055,
      34.34563064575195,
      37.9405632019043
    ],
    "pos_rmse_std_time_series": [
      0.0,
      0.37993618845939636,
      0.3677813708782196,
      0.6285079121589661,
      1.473737120628357,
      7.228154182434082,
      11.696165084838867,
      13.04409122467041,
      14.850923538208008,
      16.469669342041016,
      18.041671752929688,
      19.279926300048828,
      21.852088928222656,
      23.830333709716797,
      24.573904037475586,
      26.08418083190918,
      27.56623077392578,
      31.679433822631836,
      34.56687927246094,
      36.44842529296875,
      39.95553207397461
    ],
    "ess_mean_time_series": null,
    "ess_std_time_series": null
  },
  "ukf": {
    "rmse_mean": 11.77289867401123,
    "rmse_std": 15.108936309814453,
    "exec_time_mean": 0.119565948843956,
    "exec_time_std": 0.006044064182788134,
    "pos_rmse_mean_time_series": [
      9.999999974752427e-07,
      0.9056310653686523,
      1.3750618696212769,
      2.064122200012207,
      2.2544264793395996,
      2.6682043075561523,
      4.285651683807373,
      4.7827253341674805,
      5.661952972412109,
      7.835041522979736,
      9.400508880615234,
      10.817792892456055,
      12.425603866577148,
      14.990326881408691,
      16.581398010253906,
      17.573671340942383,
      22.099390029907227,
      25.844331741333008,
      27.583696365356445,
      31.244070053100586,
      34.39177322387695
    ],
    "pos_rmse_std_time_series": [
      0.0,
      0.3145293593406677,
      1.2080613374710083,
      4.780179500579834,
      4.783143043518066,
      5.128903388977051,
      8.607024192810059,
      8.877264022827148,
      9.439363479614258,
      12.856060981750488,
      15.538138389587402,
      16.770750045776367,
      18.627685546875,
      23.185739517211914,
      23.914663314819336,
      25.057287216186523,
      33.05078887939453,
      36.271942138671875,
      39.033451080322266,
      41.45608139038086,
      43.808284759521484
    ],
    "ess_mean_time_series": null,
    "ess_std_time_series": null
  },
  "pf": {
    "rmse_mean": 3.3889920711517334,
    "rmse_std": 1.997389316558838,
    "exec_time_mean": 0.15325793623924255,
    "exec_time_std": 0.015775904059410095,
    "pos_rmse_mean_time_series": [
      0.016797609627246857,
      1.181825041770935,
      1.6269433498382568,
      1.9513320922851562,
      2.213947296142578,
      2.4518723487854004,
      2.805417537689209,
      3.1124351024627686,
      3.4613852500915527,
      3.8140175342559814,
      4.191824436187744,
      4.536953926086426,
      5.1911396980285645,
      5.766561508178711,
      6.24916410446167,
      6.762327671051025,
      6.98565149307251,
      7.601187229156494,
      8.224044799804688,
      8.97926139831543,
      9.582193374633789
    ],
    "pos_rmse_std_time_series": [
      0.004918001126497984,
      0.48904502391815186,
      0.6761155128479004,
      0.8846912384033203,
      1.0846267938613892,
      1.5403070449829102,
      1.7830781936645508,
      2.077822685241699,
      2.2520604133605957,
      2.475886583328247,
      2.512467861175537,
      2.9352493286132812,
      3.0856382846832275,
      3.7838048934936523,
      4.376626014709473,
      4.761368751525879,
      4.996156215667725,
      5.498241424560547,
      5.783777236938477,
      6.2950921058654785,
      6.712138652801514
    ],
    "ess_mean_time_series": [
      7.690423965454102,
      6.793327331542969,
      5.8337812423706055,
      7.833640098571777,
      5.744114875793457,
      6.494122505187988,
      5.203738689422607,
      4.127054214477539,
      5.382332801818848,
      4.013479232788086,
      3.493802070617676,
      3.5717992782592773,
      3.5622079372406006,
      5.11094856262207,
      5.2775726318359375,
      4.271552562713623,
      5.911632537841797,
      6.686599254608154,
      7.647743225097656,
      7.189164161682129
    ],
    "ess_std_time_series": [
      5.455134391784668,
      5.69523286819458,
      5.95883321762085,
      10.646827697753906,
      8.338632583618164,
      9.352453231811523,
      5.056148052215576,
      4.363615989685059,
      5.027724266052246,
      4.385969638824463,
      3.257492780685425,
      2.974210262298584,
      3.919888973236084,
      6.919795513153076,
      7.37237024307251,
      4.880498886108398,
      7.377030372619629,
      7.661778926849365,
      10.381229400634766,
      13.917619705200195
    ]
  },
  "pfpf_ledh": {
    "rmse_mean": 2.4915056228637695,
    "rmse_std": 1.422539234161377,
    "exec_time_mean": 10.857057571411133,
    "exec_time_std": 0.317178338766098,
    "pos_rmse_mean_time_series": [
      0.058373257517814636,
      1.1782325506210327,
      1.635825276374817,
      2.0563182830810547,
      2.0325798988342285,
      2.3206191062927246,
      2.5892748832702637,
      2.4506165981292725,
      2.475303888320923,
      2.56325626373291,
      2.769423007965088,
      2.7785706520080566,
      3.40486478805542,
      3.9129490852355957,
      4.014222621917725,
      4.636752605438232,
      4.931516647338867,
      5.260819435119629,
      5.855822563171387,
      6.684403419494629,
      7.07481050491333
    ],
    "pos_rmse_std_time_series": [
      0.015361296944320202,
      0.39033496379852295,
      0.5568349957466125,
      0.7718989849090576,
      0.7550793290138245,
      1.0270859003067017,
      1.2436248064041138,
      1.1451597213745117,
      1.1815683841705322,
      1.2525265216827393,
      1.4761426448822021,
      1.59180748462677,
      2.290482759475708,
      2.5972986221313477,
      2.748189926147461,
      3.225571393966675,
      3.4385547637939453,
      3.666294813156128,
      4.063887596130371,
      4.435543060302734,
      4.907350063323975
    ],
    "ess_mean_time_series": [
      5.421804904937744,
      5.634021759033203,
      5.3269453048706055,
      5.6119184494018555,
      4.587514877319336,
      5.877137184143066,
      5.629223823547363,
      6.392192840576172,
      8.540606498718262,
      21.034320831298828,
      7.58188009262085,
      6.629079341888428,
      6.778022289276123,
      6.2710771560668945,
      7.119731903076172,
      6.806305408477783,
      7.162905216217041,
      7.576700210571289,
      7.142251014709473,
      24.58566665649414
    ],
    "ess_std_time_series": [
      2.8716514110565186,
      3.2519378662109375,
      3.696685552597046,
      3.154475688934326,
      2.3658571243286133,
      3.6993653774261475,
      3.2335727214813232,
      3.482325315475464,
      6.571355819702148,
      83.18999481201172,
      5.920267581939697,
      4.467186450958252,
      4.501342296600342,
      4.190215110778809,
      5.146551609039307,
      5.784951210021973,
      4.21541690826416,
      6.988265514373779,
      5.787816047668457,
      85.8910903930664
    ]
  },
  "pfpf_edh": {
    "rmse_mean": 5.1449875831604,
    "rmse_std": 3.448286771774292,
    "exec_time_mean": 2.455933094024658,
    "exec_time_std": 0.034822795540094376,